recordTime,energy,capacity
00,9.15875,27.5375
11,9.654511,29.031893
12,16.239067,48.825533
13,24.064178,72.347088
14,31.070976,93.410568
