batteryStatus,avgMaxTemperature,avgMinTemperature
00,36.0,34.375
11,32.955836,31.214511
12,34.535556,32.637778
13,36.497778,34.297778
14,37.0,35.0
