record_time,avg_pack_voltage,avg_charge_current
00,327.8875,-73.725012
11,326.72776,-22.5
12,330.948667,-22.5
13,340.078,-22.5
14,352.792954,-22.5
